,Rigveda,Samaveda,Yajurveda (Taittiriya),Yajurveda (Maitrayani),Atharvaveda (Paippalada),Atharvaveda (Saunaka),Kausitaki-Br,Pancavimsa-Br,Taittiriya-Br,Satapatha-Br,Gopatha-Br,Aitareya-Up,Taittiriya-Up,Chandogya-Up,Brhadaranyaka-Up,Prashna-Up,Shvetashvatara-Up,Ramayana,Mahabharata,Bhagavata-Purana
retroflex_l,4.208875646855888,0.0,0.22768219525233127,0.25089977851605755,0.0,0.12935089369708372,0.02560360498758225,0.7013770369158113,0.3331112591605596,0.0,0.5012028869286287,0.0,0.0,0.6411626415900834,0.0,0.0,1.160092807424594,0.009351606372184582,0.1296335464326895,0.11839863275318004
visarga_final,87.08797240081543,110.37227079951829,56.71266506959156,61.626176633444075,82.48918553718633,84.43085606773283,64.67470619863276,62.72648633483739,107.87808127914724,69.15912284715186,65.056134723336,70.94133697135062,125.98814229249011,66.39595355132863,75.19525337531029,91.83673469387756,98.02784222737819,116.7641571630967,111.26651974864737,116.65868762837243
diphthongs_ai,9.471538340912655,7.434944237918216,49.07046268981766,46.182862679955704,18.210013693785196,16.69802445907808,44.08940778861663,57.1154700395109,61.42571618920719,94.3494885453773,54.66452820101577,54.570259208731244,24.209486166007903,32.841775308114265,43.7730822788642,53.57142857142857,32.48259860788863,42.49369935520674,40.650351033998106,35.375452359993616
diphthongs_au,5.350478281323507,4.345777265825435,10.02791581698311,10.330149501661129,10.76458478810908,10.336312323612418,14.389226003021225,15.710845626914175,11.742171885409727,16.19007157096637,12.931034482758621,5.457025920873124,12.351778656126482,9.831160504381279,17.012774716958287,12.755102040816327,4.640371229698376,21.08787236927623,20.563974155164534,15.196207125538585
monophthongs_e,152.36631644974125,177.8627153254097,197.45985863905443,202.05218715393133,159.08369532688243,160.12464722483537,167.54999103873826,193.4164075468169,243.5709526982012,265.8518252230465,211.37396418070034,163.71077762619373,212.4505928853755,196.33824891358555,195.91935581522068,213.43537414965985,217.51740139211137,148.6624864986183,156.07878990495814,146.12450388398992
monophthongs_o,135.9887094244943,172.6791978637625,114.01928369201529,128.68563122923587,114.34764076939122,119.29680150517403,83.2373198146299,131.2977813106399,145.73617588274485,155.07042713814175,108.86126704089816,111.86903137789903,125.98814229249011,116.9053216499252,114.42755948416783,104.59183673469389,134.5707656612529,91.26700238933543,92.20356560480872,118.36259838668992
external_sandhi_unresolved,0.006272541947624275,0.0,0.0,0.0,0.0,0.011759172154280339,0.02560360498758225,0.0,0.0,0.0,0.03341352579524191,0.0,0.0,0.0,0.0,0.0,0.0,0.0,0.0,0.0
retroflex_assimilation,14.175944801630862,16.807162678674278,22.035676810073454,21.1015365448505,18.173738766108336,16.944967074317965,24.45144276314105,40.890281252191805,29.21385742838108,30.262426876695315,26.797647687784014,19.099590723055933,19.268774703557312,13.891857234451805,20.221589877096324,28.911564625850342,24.94199535962877,23.304203079483976,30.736796141014008,20.997740130444406
subjunctive_ati,2.214207307511369,2.3561443007487304,7.5234116692074675,4.836309523809524,2.1130145371772664,2.4811853245531514,5.018306577566121,3.4133682463236155,8.061292471685542,14.667145985162914,4.87837476610532,1.364256480218281,1.976284584980237,3.205813207950417,1.9373978325361747,0.8503401360544217,5.800464037122969,0.6873430683555667,0.5390026404306564,1.3950447598309472
subjunctive_an,6.843343264858083,0.8377401958217708,12.26514086598428,12.259482281284606,14.691345709129493,13.20555032925682,11.496018639424431,14.19119538026325,2.5316455696202533,0.5228929049968953,16.138732959101844,13.642564802182811,4.940711462450593,17.952553964522334,10.050251256281408,18.707482993197278,16.241299303944317,20.073223077894205,23.088416901485328,21.363231561986833
subjunctive_as,0.890700956562647,0.0,4.603140034449305,2.9415836101882613,3.1196437802102133,2.5987770460959547,1.203369434416366,2.3145442218221772,0.0,0.0,3.3747661053194333,1.364256480218281,0.0,1.5672864572202037,1.3925046921353756,1.7006802721088434,4.640371229698376,3.6985603201990025,3.9094748476805834,1.6318420253373074
subjunctive_at,2.3835659400972244,1.2042515314937956,7.374923280999426,6.359011627906977,4.860840308699634,4.303857008466603,8.42358604091456,6.1721179248591405,7.994670219853432,2.4641328147978694,11.761561079925153,1.364256480218281,11.857707509881422,6.76782788345088,15.801901071623176,3.401360544217687,6.960556844547564,4.507474271392969,6.481677321634474,6.038330270412182
subjunctive_ama,3.079818096283519,2.9844494476150585,1.7620622067354332,1.7216915836101883,3.3463620781906065,3.1749764816556914,2.7907929436464656,4.114745283239427,2.3817455029980015,3.104676623419066,1.3365410318096766,4.092769440654843,0.9881422924901185,6.6965875899408704,3.0877277956045286,2.5510204081632653,1.740139211136891,4.572935515998261,3.0975594779179487,3.567402282519729
subjunctive_full,18.152736396424654,9.424577202994922,29.371003187550734,26.958748615725362,29.663822107754672,27.269520225776105,31.62045215966408,34.90519720384354,19.00399733510993,13.6082878525442,40.86474204758086,36.834924965893585,34.58498023715415,37.044952625204814,36.20512199551977,27.210884353741495,38.8631090487239,38.41639897693426,41.26440467499505,36.02921872345683
perfect_reduplicated,0.01254508389524855,0.10471752447772135,0.05939535528321685,0.060562015503875966,0.0,0.0,0.0,0.18703387651088302,0.06662225183211193,0.20262100068629693,0.03341352579524191,1.364256480218281,0.0,0.07124029351000925,0.0,0.0,0.0,0.0,0.0,0.7618694629335063
perfect_periphrastic,0.0,0.0,0.0,0.0,0.018137463838431473,0.011759172154280339,0.0,0.0,0.0,0.0,0.0,0.0,0.0,0.0,0.0,0.0,0.0,0.0514338350470152,0.10916509173279115,0.00514776664144261
perfect_endings,150.26501489728713,191.5807110319912,128.2642697341068,52.33423311184939,122.07420036456303,138.89934148635936,129.91269170699235,71.70411240735979,165.20652898067956,150.18791463773326,92.72253408179631,109.14051841746249,62.25296442687747,126.80772244781649,118.48398619604045,71.42857142857143,131.0904872389791,176.46481224312308,183.01527629002436,186.07632078822604
dual_nominative,16.032617218127648,16.754803916435417,15.55168385832228,16.46421650055371,18.726931413180495,17.96801505174036,16.693550451903626,17.417529750075982,22.168554297135245,20.340534004379226,15.236567762630312,13.642564802182811,13.3399209486166,11.46968725511149,14.651571108554823,13.605442176870747,15.081206496519721,23.598778680207793,21.54645998075965,13.898969931895047
dual_instrumental,0.1003606711619884,0.0,1.1978063315448733,0.49314784053156147,0.48971152363764975,0.5056444026340545,0.7681081496274675,0.5143431604049283,0.1832111925383078,0.3725611948102879,0.7016840417000801,2.728512960436562,0.0,0.07124029351000925,0.7265241872010656,0.8503401360544217,0.0,0.18703212744369166,0.08869663703289281,0.12869416603606526
dual_genitive,0.06272541947624274,0.0,0.2969767764160843,0.14707918050941307,0.1269622468690203,0.047036688617121354,0.12801802493791126,0.023379234563860377,0.0,0.0,0.03341352579524191,0.0,0.49407114624505927,0.07124029351000925,0.0,0.0,0.0,0.2665207816072606,0.32749527519837346,0.23164949886491745
injunctive_augmentless,46.03418535361455,8.48211948269543,64.83992951751173,73.53093853820599,47.96452312073203,48.88287864534337,89.4589958266124,85.00689687419634,27.131912058627584,6.503480505898886,97.23336006415397,136.4256480218281,27.17391304347826,78.72052432856023,81.67342737785312,42.517006802721085,49.88399071925754,35.36309949641599,43.52275751021717,46.62332247154572
injunctive_modal,0.09408812921436413,0.0,0.15838761408857827,0.15573089700996676,0.3718180086878452,0.4938852304797743,0.0512072099751645,0.07013770369158115,0.06662225183211193,0.05882545181215072,0.16706762897620958,0.0,0.0,0.07124029351000925,0.24217472906702184,0.0,0.0,0.09819186690793812,0.06140536409969501,0.02573883320721305
precative,0.5833464011290576,0.314152573433164,4.613039260329842,3.581810631229236,1.5416844262666751,1.0936030103480714,5.376757047392273,2.3145442218221772,4.580279813457695,1.9150952645511292,6.3485699010959635,0.0,4.940711462450593,3.9182161430505094,6.235999273475813,1.7006802721088434,0.0,1.5336634450382713,2.1628333799559245,1.585512125564324
benedictive,0.018817625842872825,0.0,0.4751628422657348,0.15573089700996676,0.38995547252627666,0.25870178739416744,0.12801802493791126,0.023379234563860377,0.19986675549633579,0.013072322624922382,0.13365410318096765,0.0,0.49407114624505927,0.0,0.12108736453351092,0.0,0.0,0.014027409558276874,0.013645636466598894,0.01544329992432783
instrumental_archaic_a,109.14222988866238,132.15351589088434,93.84466134748263,121.2797619047619,107.37378592351432,101.3758231420508,85.82328391837571,78.13340191242139,123.01798800799467,121.13467760384326,76.38331996792301,100.9549795361528,90.9090909090909,68.24820118258887,71.68371980383847,64.62585034013605,79.46635730858469,90.28040791706995,88.92861285282498,71.75986698170998
instrumental_classical_ena,3.6318017876744553,3.14152573433164,9.107287810093252,9.542843300110743,8.760395033962402,7.478833490122295,10.77911769977213,15.173123231945386,12.241838774150565,12.209549331677504,8.921411387329591,12.278308321964529,7.905138339920948,7.408990525040963,7.265241872010656,5.952380952380952,9.860788863109049,12.376851033586295,10.582191079847442,9.955780684550009
genitive_plural_thematic,2.327113062568606,0.9948164825383528,2.9400700865192344,1.4275332225913622,1.342172324043929,1.4463781749764815,3.9173515631000844,1.659925654034087,1.0326449033977347,1.3464492303670055,1.3031275060144347,0.0,0.0,1.139844696160148,1.2714173276018648,0.8503401360544217,1.160092807424594,0.8650235894270738,0.9551945526619225,1.029553328288522
genitive_plural_athematic,17.69484083424808,4.398136028064297,20.788374349125895,12.38060631229236,18.18280749802755,17.438852304797745,23.964974268376988,10.029691627896103,8.694203864090605,7.124415830582699,11.89521518310612,12.278308321964529,5.928853754940711,7.693951699081,8.294484470545498,4.251700680272109,6.960556844547564,17.637129617940122,16.115496667053293,12.303162273047839
particle_sma,0.14426846479535832,0.3665113356720247,0.1187907105664337,0.14707918050941307,0.09975605111137309,0.1175917215428034,1.5874235092300997,0.07013770369158115,0.13324450366422386,0.3333442269355208,0.36754878374766103,0.0,0.49407114624505927,0.1424805870200185,0.24217472906702184,0.0,0.580046403712297,0.738776903402582,0.9279032797287248,0.6949484965947523
particle_ha,0.7840677434530343,0.3665113356720247,0.38606980934090956,1.046857696566999,0.46250532788000254,0.7408278457196613,10.062216760119826,0.4442054567133472,2.614923384410393,7.353181476518841,8.55386260358193,2.728512960436562,0.9881422924901185,12.324570777231601,6.296542955742568,17.006802721088437,2.9002320185614847,1.3139006952919339,1.193993190827403,0.9060069288938994
particle_vai,0.03136270973812137,0.0,11.255419826169593,13.721622369878185,1.4509971070745178,1.1288805268109126,20.4828839900658,18.44621607088584,12.108594270486343,21.020294780875194,15.036086607858861,6.8212824010914055,1.976284584980237,7.266509938020945,11.927105406550826,16.156462585034014,2.9002320185614847,1.2110330251979036,3.513751390149215,2.5532922541555347
particle_id,1.7876744550729182,0.0,0.2870775505355481,0.28550664451827246,0.6438799662643172,1.0818438381937912,0.8449189645902143,0.1168961728193019,0.0,0.0,0.0,0.0,0.0,0.0,0.0,0.0,0.0,0.0,0.0,0.00514776664144261
particle_u,2.5403794887878313,1.1518927692549348,0.8018372963234275,0.7526993355481728,1.8137463838431471,2.3753527751646284,4.608648897764805,1.1222032590652984,1.6489007328447702,1.7451550704271381,2.1384656508954825,0.0,0.0,2.137208805300278,1.9979415148029303,0.0,1.160092807424594,0.004675803186092291,0.047759727633096126,0.21620619894058962
particle_hi,3.0547279284930218,3.979265930153411,2.1976281454790234,3.3136074197120706,0.9884917791945154,1.211194731890875,5.12072099751645,3.3666097771958943,2.8147901399067288,6.52962515114873,3.040630847367014,2.728512960436562,2.4703557312252964,1.2823252831801668,4.54077617000666,1.7006802721088434,2.320185614849188,4.820753084861152,3.759372846547995,2.270165088876191
present_participle_ant,0.0,0.0,0.0,0.0,0.0,0.0,0.0,0.0,0.0,0.0,0.0,0.0,0.0,0.0,0.0,0.0,0.0,0.0,0.0,0.0
present_participle_at,0.0,0.0,0.0,0.0,0.0,0.0,0.0,0.0,0.0,0.0,0.0,0.0,0.0,0.0,0.0,0.0,0.0,0.0,0.0,3.5313679160296307
past_participle_ta,17.85792692488631,21.362374993455155,16.333722702884636,16.611295681063122,13.603097878823604,14.099247412982127,16.181478352151984,19.03069693498235,21.019320453031312,22.935390045426324,14.50147019513499,15.006821282401091,11.857707509881422,9.759920210871268,12.471998546951626,15.306122448979592,8.700696055684455,6.003731290942502,10.24105016818247,22.732537488610564
past_participle_na,8.599655010192881,12.094874077176815,11.65138886139104,11.091500553709857,12.215581895183597,10.736124176857949,17.64088383644417,17.020082762490354,15.906062624916721,18.412366417203177,11.260358192996526,13.642564802182811,14.822134387351777,10.258602265441334,10.716231761215717,9.353741496598639,10.440835266821345,13.933893494555026,14.423437745195029,17.579623080526517
gerund_tvaa,0.9283362082483927,1.3613278182103776,1.3462947197529154,1.4707918050941307,1.4691345709129493,1.7873941674506113,3.1236398084850348,1.1923409627568793,4.247168554297135,3.8432628517271805,1.937984496124031,12.278308321964529,3.952569169960474,1.638526750730213,3.9958830296058605,0.8503401360544217,8.700696055684455,9.763077052560705,9.060702613821666,3.6394710154999252
gerund_ya,36.1235690763682,49.06016021781245,35.13235265002277,35.76619601328904,29.03807960532879,29.762464722483536,45.13915559310751,31.819138241413977,45.16988674217188,38.45877316252165,27.499331729484098,17.735334242837656,34.090909090909086,33.48293794970436,32.63304474178119,15.306122448979592,37.12296983758701,42.42823811060145,36.43384936581904,43.00444252261156
infinitive_tum,0.7338874078720402,0.5759463846274674,0.39596903522144566,0.4066306755260244,0.308336885253335,0.29397930385700843,0.819315359602632,0.3273092838940453,0.14990006662225183,0.05228929049968953,0.4343758353381449,9.549795361527966,0.0,0.4986820545700648,0.5448931404007992,0.0,0.0,2.9504318104242353,2.3606951087216084,0.8957113956110142
correlatives_ya_ta,0.1944488003763525,0.0,0.17818606584965058,0.5537098560354374,0.4080929363647081,0.2704609595484478,0.3328468648385693,0.2337923456386038,0.016655562958027982,0.11111474231184026,0.2673082063619353,0.0,0.0,0.35620146755004634,0.9686989162680874,0.0,2.320185614849188,0.023379015930461457,0.027291272933197788,0.08751203290452438
conditional_yadi_tarhi,0.0,0.0,0.0,0.04325858250276855,0.0,0.0,0.0,0.0,0.0,0.006536161312461191,0.0,0.0,0.0,0.0,0.0,0.0,0.0,0.0,0.0,0.01029553328288522
long_compounds,2.672102869687941,50.84035813393371,13.017482032905026,16.351744186046513,5.223589585468264,5.644402634054563,2.713982128683719,25.062539452458324,94.37041972018655,144.01777835876987,27.632985832665064,31.377899045020467,69.1699604743083,14.817981050081926,13.440697463219712,22.95918367346939,37.12296983758701,42.91919744514114,34.700853534560984,42.95811262283858
compound_bahuvrīhi,0.0,0.0,0.0,0.0,0.0,0.0,0.0,0.0,0.0,0.0,0.0,0.0,0.0,0.0,0.0,0.0,0.0,0.0,0.0,0.6125842303316706
primary_suffixes,25.347342010349696,29.216189329284255,63.48373557187828,50.396248615725355,38.587454316262956,36.70037629350894,84.64551808894693,81.80394173894746,81.31245836109261,123.52691264420406,87.91098636728148,46.384720327421554,91.89723320158103,90.7601339317518,78.82787431131563,57.823129251700685,38.2830626450116,17.300471788541476,19.22670178143784,21.713279693604928
secondary_suffixes,48.96346244315509,62.09749201528876,42.80425270743827,46.7625276854928,39.72104580616492,39.55785512699906,52.87144429935735,40.5395927337339,57.56162558294471,50.884015817510374,36.38732959101844,21.828103683492497,40.0197628458498,40.89192847474531,39.2928497911243,24.65986394557823,49.303944315545245,56.23588491913198,48.74903627692455,51.117322749525115
ritual_sacrifice,0.08781558726673985,0.10471752447772135,0.2672790987744758,0.3114617940199335,0.06348112343451015,0.10583254938852305,1.2545766443915303,0.25717158020246417,0.29980013324450366,0.49674825974705056,0.40096230954290296,0.0,0.0,0.07124029351000925,0.3027184113337773,0.0,0.0,0.1636531115132302,0.5048885492641592,0.9163024621767846
deity_names,8.681198055511995,11.204775119116183,1.7323645290938248,1.790905315614618,2.0858083414196193,4.127469426152399,2.4835496837954785,1.1455824936291585,2.0819453697534978,0.5882545181215073,0.36754878374766103,1.364256480218281,1.4822134387351777,0.0,0.3632620936005328,0.0,1.740139211136891,0.028054819116553747,0.054582545866395576,0.4272646312397366
priestly_terms,0.018817625842872825,0.0,0.039596903522144566,0.05191029900332226,0.0,0.0,0.4352612847888983,0.07013770369158115,0.016655562958027982,0.03268080656230596,0.06682705159048383,0.0,0.0,0.0,0.0,0.0,0.0,0.1636531115132302,0.49806573103085955,0.5353677307100314
philosophical_terms,0.1003606711619884,0.10471752447772135,0.4652636163851987,0.3114617940199335,0.054412391515294416,0.10583254938852305,1.8434595591059222,0.16365464194702264,0.21652231845436376,0.5686460341841236,0.40096230954290296,0.0,0.0,0.07124029351000925,1.0292425985348428,0.8503401360544217,1.160092807424594,0.7855349352635049,1.2349301002271997,2.944522518905173
cosmological_terms,0.01254508389524855,0.05235876223886068,0.07919380704428913,0.0865171650055371,0.07254985535372589,0.15286923800564442,0.17922523491307576,0.023379234563860377,0.049966688874083946,0.2418379685610641,0.06682705159048383,0.0,0.0,0.1424805870200185,1.4530483744021312,1.7006802721088434,0.580046403712297,0.0,0.027291272933197788,0.396378031391081
eschatological_terms,0.006272541947624275,0.0,0.019798451761072283,0.060562015503875966,0.027206195757647208,0.03527751646284102,0.17922523491307576,0.07013770369158115,0.033311125916055964,0.05228929049968953,0.06682705159048383,0.0,0.0,0.0,0.0,0.0,0.0,0.0,0.0,0.07206873298019655
sacrifice_roots,7.708954053630234,6.17833394418556,20.847769704409117,20.694905869324472,5.513789006883168,6.761523988711195,18.972271295798446,12.578028195356882,26.932045303131247,24.124971404294257,23.79043036621224,0.0,1.4822134387351777,7.124029351000926,6.4176303202760785,2.5510204081632653,0.580046403712297,1.3139006952919339,1.6306535577585677,2.0951410230671423
ritual_implements,0.01254508389524855,0.0,0.07919380704428913,0.0865171650055371,0.009068731919215737,0.023518344308560677,0.17922523491307576,0.0,0.0,0.15686787149906858,0.0,0.0,0.0,0.0,0.0,0.0,0.0,0.0,0.0,0.00514776664144261
short_syllables,1285.927552140505,1581.1299020891145,1346.7401849175396,1304.3327796234773,1237.4828827685026,1245.5315145813734,1347.1592800266276,1436.9812732331145,1696.7021985343106,1896.316873100428,1352.9804865009355,1126.8758526603003,1612.6482213438735,1228.8950630476597,1271.5989586486648,1387.7551020408164,1351.508120649652,1439.4787414608143,1381.1840318762067,1433.0249821115108
long_syllables,1073.2507448643562,1281.0094769359653,1188.2436793442753,1274.6919988925802,1141.6535925781498,1127.469426152399,1056.6095706275444,1299.1139270100296,1607.9447035309793,1796.3136050197718,1340.483827853515,1350.6139154160983,1513.8339920948615,1252.6180807864928,1203.5478597808317,1268.7074829931973,1340.4872389791183,1476.5718881360845,1427.6610696814428,1363.8081118506734
aorist_is,0.570801317233809,0.0,0.22768219525233127,0.3547203765227021,0.9703543153560837,0.7878645343367827,0.35845046982615153,0.09351693825544151,0.0,0.006536161312461191,0.03341352579524191,0.0,0.0,0.0,0.12108736453351092,0.0,0.0,0.004675803186092291,0.0,0.01544329992432783
aorist_root,8.925827191469343,5.968898895230117,12.918489774099665,14.370501107419713,11.78028276306124,10.900752587017873,22.223929129221393,22.444065181305962,11.64223850766156,1.8170528448642114,19.747393744987974,66.84856753069577,6.4229249011857705,13.53565576690176,13.985590603620512,10.204081632653061,10.440835266821345,8.01900246414828,11.278118539643986,13.106213869112887
aorist_sigmatic,0.0,0.0,0.0,0.0,0.0,0.0,0.0,0.0,0.0,0.0,0.0,0.0,0.0,0.0,0.0,0.0,0.0,0.0,0.0,0.0
action_nouns_ti,18.34091265485338,22.776061573904393,57.79168069057,43.83824750830564,20.486265405508348,20.778457196613356,82.28998643008936,80.58822154162674,72.93471019320454,121.78829373508938,86.87516706762898,46.384720327421554,76.58102766798419,89.40656835506162,76.70884543197917,57.823129251700685,35.96287703016241,15.766808343503206,17.73250458834526,19.453410138011623
agent_nouns_tar,1.4301395640583348,0.0,1.0196202656952227,1.2718023255813955,1.206141345255693,1.2582314205079963,1.4850090892797707,0.2805508147663246,0.0,0.0,0.6682705159048383,0.0,0.0,0.7836432286101018,0.787067869467821,0.0,0.0,0.004675803186092291,0.13645636466598896,0.5971409304073427
abstract_nouns_tva,0.08154304531911556,0.10471752447772135,0.05939535528321685,0.00865171650055371,0.036274927676862946,0.023518344308560677,0.0512072099751645,0.023379234563860377,0.033311125916055964,0.16994019412399097,0.06682705159048383,0.0,0.0,0.0,0.0,0.0,0.0,0.0514338350470152,0.013645636466598894,0.6022886970487854
pluti_vowels,0.0,0.0,0.0,0.0,0.0,0.0,0.0,0.0,0.016655562958027982,0.0,0.0,0.0,0.0,0.0,0.0,0.0,0.0,0.0,0.0,0.0
medial_voiced_aspirates,209.72871256076525,251.53149379548668,215.11017838405036,221.40607696567,211.8999900243949,210.98306679209782,180.96628005223135,260.07060528838286,299.08394403730847,307.624432170986,230.68698209035017,201.9099590723056,253.95256916996044,203.1060767970364,186.7772597929406,198.12925170068027,240.71925754060325,298.28818845357165,295.42802950186604,284.99580457018726
complex_clusters,0.0,0.0,0.0,0.0,0.0,0.0,0.204828839900658,0.0,0.0,0.35295271087290436,0.0,0.0,0.0,0.0,0.0,0.0,0.0,0.004675803186092291,0.0,0.0
n_infix_presents,38.06805708013172,42.67239122467145,31.420142944821713,31.777754706533774,34.98716774433431,33.819379115710255,27.62628978160125,35.559815771631634,42.721518987341774,43.171345468806166,32.444533547179894,49.113233287858115,69.1699604743083,38.327277908384985,39.535024520191314,44.21768707482993,46.403712296983755,54.435700692486456,50.13406837828433,49.83552885580591
reduplicated_presents,0.06272541947624274,0.05235876223886068,0.05939535528321685,0.060562015503875966,0.036274927676862946,0.03527751646284102,0.0512072099751645,0.25717158020246417,0.06662225183211193,0.21569332331121932,0.0,0.0,0.49407114624505927,0.07124029351000925,0.06054368226675546,0.0,0.0,0.009351606372184582,0.04093690939979668,0.01029553328288522
locative_dual,0.6272541947624275,0.8377401958217708,0.42566671286305413,0.3201135105204873,0.5350551832337285,0.5056444026340545,0.5888829147143918,0.37406775302176604,0.6495669553630913,0.49674825974705056,0.8019246190858059,0.0,1.4822134387351777,0.21372088053002777,0.24217472906702184,0.0,0.0,0.4722561217953214,0.5662939133638542,1.1994296274561282
locative_plural,5.783283675709582,6.858997853290749,2.3956126630897465,2.37922203765227,3.174056171725508,3.598306679209784,3.3284686483856927,4.395296098005751,3.864090606262492,3.8171182064773355,3.9427960438385456,0.0,2.9644268774703555,4.274417610600556,2.300659926136708,5.952380952380952,6.960556844547564,4.002487527295001,4.9943029467751945,4.844048409597495
absolute_construction,0.0,0.0,0.019798451761072283,0.0,0.009068731919215737,0.011759172154280339,0.0,0.09351693825544151,0.0,0.08497009706199549,0.0,0.0,0.0,0.0,0.0,0.0,0.0,0.06546124460529208,0.03411409116649724,0.04118213313154088
verb_nonfinal,0.9659714599341384,0.7330226713440494,8.028272189114812,3.7548449612403103,1.5235469624282436,1.4581373471307622,7.245820211485777,19.451523157131838,7.878081279147235,10.170267002189613,6.28174284950548,4.092769440654843,10.375494071146246,13.963097527961816,8.778833928679543,5.1020408163265305,2.320185614849188,0.6359092333085515,0.764155642129538,0.36549143154242536
subordinators,4.629135957346715,3.193884496570501,9.968520461699896,13.462070874861574,8.361370829516908,6.843838193791157,38.61023632127404,18.703387651088303,5.3630912724850095,14.020066015229256,28.06736166800321,36.834924965893585,15.316205533596838,30.91828738334402,26.760307561905915,17.006802721088437,3.480278422273782,7.89743158130988,8.835549612122783,9.68294905255355
substrate_lexemes,0.03136270973812137,0.0,0.009899225880536142,0.0,0.08161858727294162,0.07055503292568203,0.0,0.0,0.0,0.03268080656230596,0.0,0.0,0.0,0.0,0.0,0.0,0.0,0.09819186690793812,0.047759727633096126,0.10810309947029481
philosophical_context,0.006272541947624275,0.10471752447772135,0.0,0.00865171650055371,0.0,0.011759172154280339,0.0,0.0,0.0,0.006536161312461191,0.0,0.0,0.0,0.0,0.0,0.0,0.0,0.004675803186092291,0.013645636466598894,0.06692096633875393
reported_speech,2.4149286498353457,2.9844494476150585,15.908055990021579,11.593300110741971,4.044654435970219,4.127469426152399,39.94162378062831,15.383536343020129,21.568954030646236,35.31487957122781,29.069767441860463,19.099590723055933,24.209486166007903,30.562085915793975,25.912696010171338,14.455782312925171,4.060324825986079,11.371553348576452,17.405009313146888,13.955595364950916
connectives,0.4453504782813235,0.05235876223886068,1.5145815597220296,3.157876522702104,1.5416844262666751,1.2464722483537158,13.774739483319252,2.9224043204825474,2.3151232511658892,8.059086898264649,8.620689655172413,2.728512960436562,2.9644268774703555,12.253330483721593,6.4176303202760785,10.204081632653061,0.580046403712297,5.971000668639856,6.624956504533762,2.5018145877411087
prose_particles,1.2607809314724792,1.1518927692549348,27.02488665386367,23.316375968992247,5.477514079206305,4.727187206020696,51.079191950226594,35.5831950061955,16.772151898734176,27.634890029085916,32.74525527933707,21.828103683492497,11.363636363636363,25.717745957113344,28.8187927589756,34.86394557823129,13.341067285382831,17.604398995637474,20.22965606173286,8.998296089241682
